{"sonnet-4": {"input": 0.000003, "output": 0.000015},"opus-4": {"input": 0.000015, "output": 0.000075},"sonnet-3.5-v1": {"input": 0.000003, "output": 0.000015},"sonnet-3.5-v2": {"input": 0.000003, "output": 0.000015},"haiku-3.5": {"input": 0.0000008, "output": 0.000004},"haiku": {"input": 0.00000025, "output": 0.00000125},"sonnet-3.7": {"input": 0.000003, "output": 0.000015},"meta-maverick": {"input": 0.00000024, "output": 0.00000097}, "meta-scout": {"input": 0.00000017, "output": 0.00000066},"nova-lite": {"input": 0.00000006, "output": 0.000000024},"nova-premier": {"input": 0.00000025, "output": 0.00000125},"nova-pro": {"input": 0.00000032, "output": 0.00000006},"deepseek": {"input": 0.000000135, "output": 0.00000054}, "nova-micro": {"input": 0.0000000035, "output": 0.000000014}}